ANALYSIS_CATEGORY,GENDER,time_mins_Apr,time_mins_Oct,Label
Elite,Female,92.48116438356165,90.85580065359477,Elite
Elite,Male,82.65597677595629,81.60340244550771,Elite
Normal,Female,143.68724652087474,144.38388324873097,Normal
Normal,Male,123.96114685630432,125.79624516571204,Normal
Us,Female,163.25,134.9,Ellena
Us,Male,117.4,109.06666666666666,John
